TVD (m),k (md)
0,500
1,500
2,500
3,500
4,500
5,500
6,500
7,500
8,500
9,500
10,500
11,500
12,500
13,500
14,500
15,500
16,500
17,500
18,500
19,500
20,500
21,500
22,500
23,500
24,500
25,500
26,500
27,500
28,500
29,500
30,500
31,500
32,500
33,500
34,500
35,500
36,500
37,500
38,500
39,500
40,500
41,500
42,500
43,500
44,500
45,500
46,500
47,500
48,500
49,500
50,500
51,500
52,500
53,500
54,500
55,500
56,500
57,500
58,500
59,500
60,500
61,500
62,500
63,500
64,500
65,500
66,500
67,500
68,500
69,500
70,500
71,500
72,500
73,500
74,500
75,500
76,500
77,500
78,500
79,500
80,500
81,500
82,500
83,500
84,500
85,500
86,500
87,500
88,500
89,500
90,500
91,500
92,500
93,500
94,500
95,500
96,500
97,500
98,500
99,500
100,500
101,500
102,500
103,500
104,500
105,500
106,500
107,500
108,500
109,500
110,500
111,500
112,500
113,500
114,500
115,500
116,500
117,500
118,500
119,500
120,500
121,500
122,500
123,500
124,500
125,500
126,500
127,500
128,500
129,500
130,500
131,500
132,500
133,500
134,500
135,500
136,500
137,500
138,500
139,500
140,500
141,500
142,500
143,500
144,500
145,500
146,500
147,500
148,500
149,500
150,500
151,500
152,500
153,500
154,500
155,500
156,500
157,500
158,500
159,500
160,500
161,500
162,500
163,500
164,500
165,500
166,500
167,500
168,500
169,500
170,500
171,500
172,500
173,500
174,500
175,500
176,500
177,500
178,500
179,500
180,500
181,500
182,500
183,500
184,500
185,500
186,500
187,500
188,500
189,500
190,500
191,500
192,500
193,500
194,500
195,500
196,500
197,500
198,500
199,500
200,500
201,500
202,500
203,500
204,500
205,500
206,500
207,500
208,500
209,500
210,500
211,500
212,500
213,500
214,500
215,500
216,500
217,500
218,500
219,500
220,500
221,500
222,500
223,500
224,500
225,500
226,500
227,500
228,500
229,500
230,500
231,500
232,500
233,500
234,500
235,500
236,500
237,500
238,500
239,500
240,500
241,500
242,500
243,500
244,500
245,500
246,500
247,500
248,500
249,500
250,500
251,500
252,500
253,500
254,500
255,500
256,500
257,500
258,500
259,500
260,500
261,500
262,500
263,500
264,500
265,500
266,500
267,500
268,500
269,500
270,500
271,500
272,500
273,500
274,500
275,500
276,500
277,500
278,500
279,500
280,500
281,500
282,500
283,500
284,500
285,500
286,500
287,500
288,500
289,500
290,500
291,500
292,500
293,500
294,500
295,500
296,500
297,500
298,500
299,500
300,500
301,500
302,500
303,500
304,500
305,500
306,500
307,500
308,500
309,500
310,500
311,500
312,500
313,500
314,500
315,500
316,500
317,500
318,500
319,500
320,500
321,500
322,500
323,500
324,500
325,500
326,500
327,500
328,500
329,500
330,500
331,500
332,500
333,500
334,500
335,500
336,500
337,500
338,500
339,500
340,500
341,500
342,500
343,500
344,500
345,500
346,500
347,500
348,500
349,500
350,500
351,500
352,500
353,500
354,500
355,500
356,500
357,500
358,500
359,500
360,500
361,500
362,500
363,500
364,500
365,500
366,500
367,500
368,500
369,500
370,500
371,500
372,500
373,500
374,500
375,500
376,500
377,500
378,500
379,500
380,500
381,500
382,500
383,500
384,500
385,500
386,500
387,500
388,500
389,500
390,500
391,500
392,500
393,500
394,500
395,500
396,500
397,500
398,500
399,500
400,500
401,500
402,500
403,500
404,500
405,500
406,500
407,500
408,500
409,500
410,500
411,500
412,500
413,500
414,500
415,500
416,500
417,500
418,500
419,500
420,500
421,500
422,500
423,500
424,500
425,500
426,500
427,500
428,500
429,500
430,500
431,500
432,500
433,500
434,500
435,500
436,500
437,500
438,500
439,500
440,500
441,500
442,500
443,500
444,500
445,500
446,500
447,500
448,500
449,500
450,500
451,500
452,500
453,500
454,500
455,500
456,500
457,500
458,500
459,500
460,500
461,500
462,500
463,500
464,500
465,500
466,500
467,500
468,500
469,500
470,500
471,500
472,500
473,500
474,500
475,500
476,500
477,500
478,500
479,500
480,500
481,500
482,500
483,500
484,500
485,500
486,500
487,500
488,500
489,500
490,500
491,500
492,500
493,500
494,500
495,500
496,500
497,500
498,500
499,500
500,500
501,500
502,500
503,500
504,500
505,500
506,500
507,500
508,500
509,500
510,500
511,500
512,500
513,500
514,500
515,500
516,500
517,500
518,500
519,500
520,500
521,500
522,500
523,500
524,500
525,500
526,500
527,500
528,500
529,500
530,500
531,500
532,500
533,500
534,500
535,500
536,500
537,500
538,500
539,500
540,500
541,500
542,500
543,500
544,500
545,500
546,500
547,500
548,500
549,500
550,500
551,500
552,500
553,500
554,500
555,500
556,500
557,500
558,500
559,500
560,500
561,500
562,500
563,500
564,500
565,500
566,500
567,500
568,500
569,500
570,500
571,500
572,500
573,500
574,500
575,500
576,500
577,500
578,500
579,500
580,500
581,500
582,500
583,500
584,500
585,500
586,500
587,500
588,500
589,500
590,500
591,500
592,500
593,500
594,500
595,500
596,500
597,500
598,500
599,500
600,500
601,500
602,500
603,500
604,500
605,500
606,500
607,500
608,500
609,500
610,500
611,500
612,500
613,500
614,500
615,500
616,500
617,500
618,500
619,500
620,500
621,500
622,500
623,500
624,500
625,500
626,500
627,500
628,500
629,500
630,500
631,500
632,500
633,500
634,500
635,500
636,500
637,500
638,500
639,500
640,500
641,500
642,500
643,500
644,500
645,500
646,500
647,500
648,500
649,500
650,500
651,500
652,500
653,500
654,500
655,500
656,500
657,500
658,500
659,500
660,500
661,500
662,500
663,500
664,500
665,500
666,500
667,500
668,500
669,500
670,500
671,500
672,500
673,500
674,500
675,500
676,500
677,500
678,500
679,500
680,500
681,500
682,500
683,500
684,500
685,500
686,500
687,500
688,500
689,500
690,500
691,500
692,500
693,500
694,500
695,500
696,500
697,500
698,500
699,500
700,500
701,500
702,500
703,500
704,500
705,500
706,500
707,500
708,500
709,500
710,500
711,500
712,500
713,500
714,500
715,500
716,500
717,500
718,500
719,500
720,500
721,500
722,500
723,500
724,500
725,500
726,500
727,500
728,500
729,500
730,500
731,500
732,500
733,500
734,500
735,500
736,500
737,500
738,500
739,500
740,500
741,500
742,500
743,500
744,500
745,500
746,500
747,500
748,500
749,500
750,500
751,500
752,500
753,500
754,500
755,500
756,500
757,500
758,500
759,500
760,500
761,500
762,500
763,500
764,500
765,500
766,500
767,500
768,500
769,500
770,500
771,500
772,500
773,500
774,500
775,500
776,500
777,500
778,500
779,500
780,500
781,500
782,500
783,500
784,500
785,500
786,500
787,500
788,500
789,500
790,500
791,500
792,500
793,500
794,500
795,500
796,500
797,500
798,500
799,500
800,500
801,500
802,500
803,500
804,500
805,500
806,500
807,500
808,500
809,500
810,500
811,500
812,500
813,500
814,500
815,500
816,500
817,500
818,500
819,500
820,500
821,500
822,500
823,500
824,500
825,500
826,500
827,500
828,500
829,500
830,500
831,500
832,500
833,500
834,500
835,500
836,500
837,500
838,500
839,500
840,500
841,500
842,500
843,500
844,500
845,500
846,500
847,500
848,500
849,500
850,500
851,500
852,500
853,500
854,500
855,500
856,500
857,500
858,500
859,500
860,500
861,500
862,500
863,500
864,500
865,500
866,500
867,500
868,500
869,500
870,500
871,500
872,500
873,500
874,500
875,500
876,500
877,500
878,500
879,500
880,500
881,500
882,500
883,500
884,500
885,500
886,500
887,500
888,500
889,500
890,500
891,500
892,500
893,500
894,500
895,500
896,500
897,500
898,500
899,500
900,500
901,500
902,500
903,500
904,500
905,500
906,500
907,500
908,500
909,500
910,500
911,500
912,500
913,500
914,500
915,500
916,500
917,500
918,500
919,500
920,500
921,500
922,500
923,500
924,500
925,500
926,500
927,500
928,500
929,500
930,500
931,500
932,500
933,500
934,500
935,500
936,500
937,500
938,500
939,500
940,500
941,500
942,500
943,500
944,500
945,500
946,500
947,500
948,500
949,500
950,500
951,500
952,500
953,500
954,500
955,500
956,500
957,500
958,500
959,500
960,500
961,500
962,500
963,500
964,500
965,500
966,500
967,500
968,500
969,500
970,500
971,500
972,500
973,500
974,500
975,500
976,500
977,500
978,500
979,500
980,500
981,500
982,500
983,500
984,500
985,500
986,500
987,500
988,500
989,500
990,500
991,500
992,500
993,500
994,500
995,500
996,500
997,500
998,500
999,500
1000,500
1001,500
1002,500
1003,500
1004,500
1005,500
1006,500
1007,500
1008,500
1009,500
1010,500
1011,500
1012,500
1013,500
1014,500
1015,500
1016,500
1017,500
1018,500
1019,500
1020,500
1021,500
1022,500
1023,500
1024,500
1025,500
1026,500
1027,500
1028,500
1029,500
1030,500
1031,500
1032,500
1033,500
1034,500
1035,500
1036,500
1037,500
1038,500
1039,500
1040,500
1041,500
1042,500
1043,500
1044,500
1045,500
1046,500
1047,500
1048,500
1049,500
1050,500
1051,500
1052,500
1053,500
1054,500
1055,500
1056,500
1057,500
1058,500
1059,500
1060,500
1061,500
1062,500
1063,500
1064,500
1065,500
1066,500
1067,500
1068,500
1069,500
1070,500
1071,500
1072,500
1073,500
1074,500
1075,500
1076,500
1077,500
1078,500
1079,500
1080,500
1081,500
1082,500
1083,500
1084,500
1085,500
1086,500
1087,500
1088,500
1089,500
1090,500
1091,500
1092,500
1093,500
1094,500
1095,500
1096,500
1097,500
1098,500
1099,500
1100,500
1101,500
1102,500
1103,500
1104,500
1105,500
1106,500
1107,500
1108,500
1109,500
1110,500
1111,500
1112,500
1113,500
1114,500
1115,500
1116,500
1117,500
1118,500
1119,500
1120,500
1121,500
1122,500
1123,500
1124,500
1125,500
1126,500
1127,500
1128,500
1129,500
1130,500
1131,500
1132,500
1133,500
1134,500
1135,500
1136,500
1137,500
1138,500
1139,500
1140,500
1141,500
1142,500
1143,500
1144,500
1145,500
1146,500
1147,500
1148,500
1149,500
1150,500
1151,500
1152,500
1153,500
1154,500
1155,500
1156,500
1157,500
1158,500
1159,500
1160,500
1161,500
1162,500
1163,500
1164,500
1165,500
1166,500
1167,500
1168,500
1169,500
1170,500
1171,500
1172,500
1173,500
1174,500
1175,500
1176,500
1177,500
1178,500
1179,500
1180,500
1181,500
1182,500
1183,500
1184,500
1185,500
1186,500
1187,500
1188,500
1189,500
1190,500
1191,500
1192,500
1193,500
1194,500
1195,500
1196,500
1197,500
1198,500
1199,500
1200,500
1201,500
1202,500
1203,500
1204,500
1205,500
1206,500
1207,500
1208,500
1209,500
1210,500
1211,500
1212,500
1213,500
1214,500
1215,500
1216,500
1217,500
1218,500
1219,500
1220,500
1221,500
1222,500
1223,500
1224,500
1225,500
1226,500
1227,500
1228,500
1229,500
1230,500
1231,500
1232,500
1233,500
1234,500
1235,500
1236,500
1237,500
1238,500
1239,500
1240,500
1241,500
1242,500
1243,500
1244,500
1245,500
1246,500
1247,500
1248,500
1249,500
1250,500
1251,500
1252,500
1253,500
1254,500
1255,500
1256,500
1257,500
1258,500
1259,500
1260,500
1261,500
1262,500
1263,500
1264,500
1265,500
1266,500
1267,500
1268,500
1269,500
1270,500
1271,500
1272,500
1273,500
1274,500
1275,500
1276,500
1277,500
1278,500
1279,500
1280,500
1281,500
1282,500
1283,500
1284,500
1285,500
1286,500
1287,500
1288,500
1289,500
1290,500
1291,500
1292,500
1293,500
1294,500
1295,500
1296,500
1297,500
1298,500
1299,500
1300,500
1301,500
1302,500
1303,500
1304,500
1305,500
1306,500
1307,500
1308,500
1309,500
1310,500
1311,500
1312,500
1313,500
1314,500
1315,500
1316,500
1317,500
1318,500
1319,500
1320,500
1321,500
1322,500
1323,500
1324,500
1325,500
1326,500
1327,500
1328,500
1329,500
1330,500
1331,500
1332,500
1333,500
1334,500
1335,500
1336,500
1337,500
1338,500
1339,500
1340,500
1341,500
1342,500
1343,500
1344,500
1345,500
1346,500
1347,500
1348,500
1349,500
1350,500
1351,500
1352,500
1353,500
1354,500
1355,500
1356,500
1357,500
1358,500
1359,500
1360,500
1361,500
1362,500
1363,500
1364,500
1365,500
1366,500
1367,500
1368,500
1369,500
1370,500
1371,500
1372,500
1373,500
1374,500
1375,500
1376,500
1377,500
1378,500
1379,500
1380,500
1381,500
1382,500
1383,500
1384,500
1385,500
1386,500
1387,500
1388,500
1389,500
1390,500
1391,500
1392,500
1393,500
1394,500
1395,500
1396,500
1397,500
1398,500
1399,500
1400,500
1401,500
1402,500
1403,500
1404,500
1405,500
1406,500
1407,500
1408,500
1409,500
1410,500
1411,500
1412,500
1413,500
1414,500
1415,500
1416,500
1417,500
1418,500
1419,500
1420,500
1421,500
1422,500
1423,500
1424,500
1425,500
1426,500
1427,500
1428,500
1429,500
1430,500
1431,500
1432,500
1433,500
1434,500
1435,500
1436,500
1437,500
1438,500
1439,500
1440,500
1441,500
1442,500
1443,500
1444,500
1445,500
1446,500
1447,500
1448,500
1449,500
1450,500
1451,500
1452,500
1453,500
1454,500
1455,500
1456,500
1457,500
1458,500
1459,500
1460,500
1461,500
1462,500
1463,500
1464,500
1465,500
1466,500
1467,500
1468,500
1469,500
1470,500
1471,500
1472,500
1473,500
1474,500
1475,500
1476,500
1477,500
1478,500
1479,500
1480,500
1481,500
1482,500
1483,500
1484,500
1485,500
1486,500
1487,500
1488,500
1489,500
1490,500
1491,500
1492,500
1493,500
1494,500
1495,500
1496,500
1497,500
1498,500
1499,500
1500,500
1501,500
1502,500
1503,500
1504,500
1505,500
1506,500
1507,500
1508,500
1509,500
1510,500
1511,500
1512,500
1513,500
1514,500
1515,500
1516,500
1517,500
1518,500
1519,500
1520,500
1521,500
1522,500
1523,500
1524,500
1525,500
1526,500
1527,500
1528,500
1529,500
1530,500
1531,500
1532,500
1533,500
1534,500
1535,500
1536,500
1537,500
1538,500
1539,500
1540,500
1541,500
1542,500
1543,500
1544,500
1545,500
1546,500
1547,500
1548,500
1549,500
1550,500
1551,500
1552,500
1553,500
1554,500
1555,500
1556,500
1557,500
1558,500
1559,500
1560,500
1561,500
1562,500
1563,500
1564,500
1565,500
1566,500
1567,500
1568,500
1569,500
1570,500
1571,500
1572,500
1573,500
1574,500
1575,500
1576,500
1577,500
1578,500
1579,500
1580,500
1581,500
1582,500
1583,500
1584,500
1585,500
1586,500
1587,500
1588,500
1589,500
1590,500
1591,500
1592,500
1593,500
1594,500
1595,500
1596,500
1597,500
1598,500
1599,500
1600,500
1601,500
1602,500
1603,500
1604,500
1605,500
1606,500
1607,500
1608,500
1609,500
1610,500
1611,500
1612,500
1613,500
1614,500
1615,500
1616,500
1617,500
1618,500
1619,500
1620,500
1621,500
1622,500
1623,500
1624,500
1625,500
1626,500
1627,500
1628,500
1629,500
1630,500
1631,500
1632,500
1633,500
1634,500
1635,500
1636,500
1637,500
1638,500
1639,500
1640,500
1641,500
1642,500
1643,500
1644,500
1645,500
1646,500
1647,500
1648,500
1649,500
1650,500
1651,500
1652,500
1653,500
1654,500
1655,500
1656,500
1657,500
1658,500
1659,500
1660,500
1661,500
1662,500
1663,500
1664,500
1665,500
1666,500
1667,500
1668,500
1669,500
1670,500
1671,500
1672,500
1673,500
1674,500
1675,500
1676,500
1677,500
1678,500
1679,500
1680,500
1681,500
1682,500
1683,500
1684,500
1685,500
1686,500
1687,500
1688,500
1689,500
1690,500
1691,500
1692,500
1693,500
1694,500
1695,500
1696,500
1697,500
1698,500
1699,500
1700,500
1701,500
1702,500
1703,500
1704,500
1705,500
1706,500
1707,500
1708,500
1709,500
1710,500
1711,500
1712,500
1713,500
1714,500
1715,500
1716,500
1717,500
1718,500
1719,500
1720,500
1721,500
1722,500
1723,500
1724,500
1725,500
1726,500
1727,500
1728,500
1729,500
1730,500
1731,500
1732,500
1733,500
1734,500
1735,500
1736,500
1737,500
1738,500
1739,500
1740,500
1741,500
1742,500
1743,500
1744,500
1745,500
1746,500
1747,500
1748,500
1749,500
1750,500
1751,500
1752,500
1753,500
1754,500
1755,500
1756,500
1757,500
1758,500
1759,500
1760,500
1761,500
1762,500
1763,500
1764,500
1765,500
1766,500
1767,500
1768,500
1769,500
1770,500
1771,500
1772,500
1773,500
1774,500
1775,500
1776,500
1777,500
1778,500
1779,500
1780,500
1781,500
1782,500
1783,500
1784,500
1785,500
1786,500
1787,500
1788,500
1789,500
1790,500
1791,500
1792,500
1793,500
1794,500
1795,500
1796,500
1797,500
1798,500
1799,500
1800,500
1801,500
1802,500
1803,500
1804,500
1805,500
1806,500
1807,500
1808,500
1809,500
1810,500
1811,500
1812,500
1813,500
1814,500
1815,500
1816,500
1817,500
1818,500
1819,500
1820,500
1821,500
1822,500
1823,500
1824,500
1825,500
1826,500
1827,500
1828,500
1829,500
1830,500
1831,500
1832,500
1833,500
1834,500
1835,500
1836,500
1837,500
1838,500
1839,500
1840,500
1841,500
1842,500
1843,500
1844,500
1845,500
1846,500
1847,500
1848,500
1849,500
1850,500
1851,500
1852,500
1853,500
1854,500
1855,500
1856,500
1857,500
1858,500
1859,500
1860,500
1861,500
1862,500
1863,500
1864,500
1865,500
1866,500
1867,500
1868,500
1869,500
1870,500
1871,500
1872,500
1873,500
1874,500
1875,500
1876,500
1877,500
1878,500
1879,500
1880,500
1881,500
1882,500
1883,500
1884,500
1885,500
1886,500
1887,500
1888,500
1889,500
1890,500
1891,500
1892,500
1893,500
1894,500
1895,500
1896,500
1897,500
1898,500
1899,500
1900,500
1901,500
1902,500
1903,500
1904,500
1905,500
1906,500
1907,500
1908,500
1909,500
1910,500
1911,500
1912,500
1913,500
1914,500
1915,500
1916,500
1917,500
1918,500
1919,500
1920,500
1921,500
1922,500
1923,500
1924,500
1925,500
1926,500
1927,500
1928,500
1929,500
1930,500
1931,500
1932,500
1933,500
1934,500
1935,500
1936,500
1937,500
1938,500
1939,500
1940,500
1941,500
1942,500
1943,500
1944,500
1945,500
1946,500
1947,500
1948,500
1949,500
1950,500
1951,500
1952,500
1953,500
1954,500
1955,500
1956,500
1957,500
1958,500
1959,500
1960,500
1961,500
1962,500
1963,500
1964,500
1965,500
1966,500
1967,500
1968,500
1969,500
1970,500
1971,500
1972,500
1973,500
1974,500
1975,500
1976,500
1977,500
1978,500
1979,500
1980,500
1981,500
1982,500
1983,500
1984,500
1985,500
1986,500
1987,500
1988,500
1989,500
1990,500
1991,500
1992,500
1993,500
1994,500
1995,500
1996,500
1997,500
1998,500
1999,500
2000,500
2001,500
2002,500
2003,500
2004,500
2005,500
2006,500
2007,500
2008,500
2009,500
2010,500
2011,500
2012,500
2013,500
2014,500
2015,500
2016,500
2017,500
2018,500
2019,500
2020,500
2021,500
2022,500
2023,500
2024,500
2025,500
2026,500
2027,500
2028,500
2029,500
2030,500
2031,500
2032,500
2033,500
2034,500
2035,500
2036,500
2037,500
2038,500
2039,500
2040,500
2041,500
2042,500
2043,500
2044,500
2045,500
2046,500
2047,500
2048,500
2049,500
2050,500
2051,500
2052,500
2053,500
2054,500
2055,500
2056,500
2057,500
2058,500
2059,500
2060,500
2061,500
2062,500
2063,500
2064,500
2065,500
2066,500
2067,500
2068,500
2069,500
2070,500
2071,500
2072,500
2073,500
2074,500
2075,500
2076,500
2077,500
2078,500
2079,500
2080,500
2081,500
2082,500
2083,500
2084,500
2085,500
2086,500
2087,500
2088,500
2089,500
2090,500
2091,500
2092,500
2093,500
2094,500
2095,500
2096,500
2097,500
2098,500
2099,500
2100,500
2101,500
2102,500
2103,500
2104,500
2105,500
2106,500
2107,500
2108,500
2109,500
2110,500
2111,500
2112,500
2113,500
2114,500
2115,500
2116,500
2117,500
2118,500
2119,500
2120,500
2121,500
2122,500
2123,500
2124,500
2125,500
2126,500
2127,500
2128,500
2129,500
2130,500
2131,500
2132,500
2133,500
2134,500
2135,500
2136,500
2137,500
2138,500
2139,500
2140,500
2141,500
2142,500
2143,500
2144,500
2145,500
2146,500
2147,500
2148,500
2149,500
2150,500
2151,500
2152,500
2153,500
2154,500
2155,500
2156,500
2157,500
2158,500
2159,500
2160,500
2161,500
2162,500
2163,500
2164,500
2165,500
2166,500
2167,500
2168,500
2169,500
2170,500
2171,500
2172,500
2173,500
2174,500
2175,500
2176,500
2177,500
2178,500
2179,500
2180,500
2181,500
2182,500
2183,500
2184,500
2185,500
2186,500
2187,500
2188,500
2189,500
2190,500
2191,500
2192,500
2193,500
2194,500
2195,500
2196,500
2197,500
2198,500
2199,500
2200,500
2201,500
2202,500
2203,500
2204,500
2205,500
2206,500
2207,500
2208,500
2209,500
2210,500
2211,500
2212,500
2213,500
2214,500
2215,500
2216,500
2217,500
2218,500
2219,500
2220,500
2221,500
2222,500
2223,500
2224,500
2225,500
2226,500
2227,500
2228,500
2229,500
2230,500
2231,500
2232,500
2233,500
2234,500
2235,500
2236,500
2237,500
2238,500
2239,500
2240,500
2241,500
2242,500
2243,500
2244,500
2245,500
2246,500
2247,500
2248,500
2249,500
2250,500
2251,500
2252,500
2253,500
2254,500
2255,500
2256,500
2257,500
2258,500
2259,500
2260,500
2261,500
2262,500
2263,500
2264,500
2265,500
2266,500
2267,500
2268,500
2269,500
2270,500
2271,500
2272,500
2273,500
2274,500
2275,500
2276,500
2277,500
2278,500
2279,500
2280,500
2281,500
2282,500
2283,500
2284,500
2285,500
2286,500
2287,500
2288,500
2289,500
2290,500
2291,500
2292,500
2293,500
2294,500
2295,500
2296,500
2297,500
2298,500
2299,500
2300,500
2301,500
2302,500
2303,500
2304,500
2305,500
2306,500
2307,500
2308,500
2309,500
2310,500
2311,500
2312,500
2313,500
2314,500
2315,500
2316,500
2317,500
2318,500
2319,500
2320,500
2321,500
2322,500
2323,500
2324,500
2325,500
2326,500
2327,500
2328,500
2329,500
2330,500
2331,500
2332,500
2333,500
2334,500
2335,500
2336,500
2337,500
2338,500
2339,500
2340,500
2341,500
2342,500
2343,500
2344,500
2345,500
2346,500
2347,500
2348,500
2349,500
2350,500
2351,500
2352,500
2353,500
2354,500
2355,500
2356,500
2357,500
2358,500
2359,500
2360,500
2361,500
2362,500
2363,500
2364,500
2365,500
2366,500
2367,500
2368,500
2369,500
2370,500
2371,500
2372,500
2373,500
2374,500
2375,500
2376,500
2377,500
2378,500
2379,500
2380,500
2381,500
2382,500
2383,500
2384,500
2385,500
2386,500
2387,500
2388,500
2389,500
2390,500
2391,500
2392,500
2393,500
2394,500
2395,500
2396,500
2397,500
2398,500
2399,500
2400,500
2401,500
2402,500
2403,500
2404,500
2405,500
2406,500
2407,500
2408,500
2409,500
2410,500
2411,500
2412,500
2413,500
2414,500
2415,500
2416,500
2417,500
2418,500
2419,500
2420,500
2421,500
2422,500
2423,500
2424,500
2425,500
2426,500
2427,500
2428,500
2429,500
2430,500
2431,500
2432,500
2433,500
2434,500
2435,500
2436,500
2437,500
2438,500
2439,500
2440,500
2441,500
2442,500
2443,500
2444,500
2445,500
2446,500
2447,500
2448,500
2449,500
2450,500
2451,500
2452,500
2453,500
2454,500
2455,500
2456,500
2457,500
2458,500
2459,500
2460,500
2461,500
2462,500
2463,500
2464,500
2465,500
2466,500
2467,500
2468,500
2469,500
2470,500
2471,500
2472,500
2473,500
2474,500
2475,500
2476,500
2477,500
2478,500
2479,500
2480,500
2481,500
2482,500
2483,500
2484,500
2485,500
2486,500
2487,500
2488,500
2489,500
2490,500
2491,500
2492,500
2493,500
2494,500
2495,500
2496,500
2497,500
2498,500
2499,500
2500,500
2501,500
2502,500
2503,500
2504,500
2505,500
2506,500
2507,500
2508,500
2509,500
2510,500
2511,500
2512,500
2513,500
2514,500
2515,500
2516,500
2517,500
2518,500
2519,500
2520,500
2521,500
2522,500
2523,500
2524,500
2525,500
2526,500
2527,500
2528,500
2529,500
2530,500
2531,500
2532,500
2533,500
2534,500
2535,500
2536,500
2537,500
2538,500
2539,500
2540,500
2541,500
2542,500
2543,500
2544,500
2545,500
2546,500
2547,500
2548,500
2549,500
2550,500
2551,500
2552,500
2553,500
2554,500
2555,500
2556,500
2557,500
2558,500
2559,500
2560,500
2561,500
2562,500
2563,500
2564,500
2565,500
2566,500
2567,500
2568,500
2569,500
2570,500
2571,500
2572,500
2573,500
2574,500
2575,500
2576,500
2577,500
2578,500
2579,500
2580,500
2581,500
2582,500
2583,500
2584,500
2585,500
2586,500
2587,500
2588,500
2589,500
2590,500
2591,500
2592,500
2593,500
2594,500
2595,500
2596,500
2597,500
2598,500
2599,500
2600,500
2601,500
2602,500
2603,500
2604,500
2605,500
2606,500
2607,500
2608,500
2609,500
2610,500
2611,500
2612,500
2613,500
2614,500
2615,500
2616,500
2617,500
2618,500
2619,500
2620,500
2621,500
2622,500
2623,500
2624,500
2625,500
2626,500
2627,500
2628,500
2629,500
2630,500
2631,500
2632,500
2633,500
2634,500
2635,500
2636,500
2637,500
2638,500
2639,500
2640,500
2641,500
2642,500
2643,500
2644,500
2645,500
2646,500
2647,500
2648,500
2649,500
2650,500
2651,500
2652,500
2653,500
2654,500
2655,500
2656,500
2657,500
2658,500
2659,500
2660,500
2661,500
2662,500
2663,500
2664,500
2665,500
2666,500
2667,500
2668,500
2669,500
2670,500
2671,500
2672,500
2673,500
2674,500
2675,500
2676,500
2677,500
2678,500
2679,500
2680,500
2681,500
2682,500
2683,500
2684,500
2685,500
2686,500
2687,500
2688,500
2689,500
2690,500
2691,500
2692,500
2693,500
2694,500
2695,500
2696,500
2697,500
2698,500
2699,500
2700,500
2701,500
2702,500
2703,500
2704,500
2705,500
2706,500
2707,500
2708,500
2709,500
2710,500
2711,500
2712,500
2713,500
2714,500
2715,500
2716,500
2717,500
2718,500
2719,500
2720,500
2721,500
2722,500
2723,500
2724,500
2725,500
2726,500
2727,500
2728,500
2729,500
2730,500
2731,500
2732,500
2733,500
2734,500
2735,500
2736,500
2737,500
2738,500
2739,500
2740,500
2741,500
2742,500
2743,500
2744,500
2745,500
2746,500
2747,500
2748,500
2749,500
2750,500
2751,500
2752,500
2753,500
2754,500
2755,500
2756,500
2757,500
2758,500
2759,500
2760,500
2761,500
2762,500
2763,500
2764,500
2765,500
2766,500
2767,500
2768,500
2769,500
2770,500
2771,500
2772,500
2773,500
2774,500
2775,500
2776,500
2777,500
2778,500
2779,500
2780,500
2781,500
2782,500
2783,500
2784,500
2785,500
2786,500
2787,500
2788,500
2789,500
2790,500
2791,500
2792,500
2793,500
2794,500
2795,500
2796,500
2797,500
2798,500
2799,500
2800,500
2801,500
2802,500
2803,500
2804,500
2805,500
2806,500
2807,500
2808,500
2809,500
2810,500
2811,500
2812,500
2813,500
2814,500
2815,500
2816,500
2817,500
2818,500
2819,500
2820,500
2821,500
2822,500
2823,500
2824,500
2825,500
2826,500
2827,500
2828,500
2829,500
2830,500
2831,500
2832,500
2833,500
2834,500
2835,500
2836,500
2837,500
2838,500
2839,500
2840,500
2841,500
2842,500
2843,500
2844,500
2845,500
2846,500
2847,500
2848,500
2849,500
2850,500
2851,500
2852,500
2853,500
2854,500
2855,500
2856,500
2857,500
2858,500
2859,500
2860,500
2861,500
2862,500
2863,500
2864,500
2865,500
2866,500
2867,500
2868,500
2869,500
2870,500
2871,500
2872,500
2873,500
2874,500
2875,500
2876,500
2877,500
2878,500
2879,500
2880,500
2881,500
2882,500
2883,500
2884,500
2885,500
2886,500
2887,500
2888,500
2889,500
2890,500
2891,500
2892,500
2893,500
2894,500
2895,500
2896,500
2897,500
2898,500
2899,500
2900,500
2901,500
2902,500
2903,500
2904,500
2905,500
2906,500
2907,500
2908,500
2909,500
2910,500
2911,500
2912,500
2913,500
2914,500
2915,500
2916,500
2917,500
2918,500
2919,500
2920,500
2921,500
2922,500
2923,500
2924,500
2925,500
2926,500
2927,500
2928,500
2929,500
2930,500
2931,500
2932,500
2933,500
2934,500
2935,500
2936,500
2937,500
2938,500
2939,500
2940,500
2941,500
2942,500
2943,500
2944,500
2945,500
2946,500
2947,500
2948,500
2949,500
2950,500
2951,500
2952,500
2953,500
2954,500
2955,500
2956,500
2957,500
2958,500
2959,500
2960,500
2961,500
2962,500
2963,500
2964,500
2965,500
2966,500
2967,500
2968,500
2969,500
2970,500
2971,500
2972,500
2973,500
2974,500
2975,500
2976,500
2977,500
2978,500
2979,500
2980,500
2981,500
2982,500
2983,500
2984,500
2985,500
2986,500
2987,500
2988,500
2989,500
2990,500
2991,500
2992,500
2993,500
2994,500
2995,500
2996,500
2997,500
2998,500
2999,500
3000,500
3001,500
3002,500
3003,500
3004,500
3005,500
3006,500
3007,500
3008,500
3009,500
3010,500
3011,500
3012,500
3013,500
3014,500
3015,500
3016,500
3017,500
3018,500
3019,500
3020,500
3021,500
3022,500
3023,500
3024,500
3025,500
3026,500
3027,500
3028,500
3029,500
3030,500
3031,500
3032,500
3033,500
3034,500
3035,500
3036,500
3037,500
3038,500
3039,500
3040,500
3041,500
3042,500
3043,500
3044,500
3045,500
3046,500
3047,500
3048,500
3049,500
3050,500
3051,500
3052,500
3053,500
3054,500
3055,500
3056,500
3057,500
3058,500
3059,500
3060,500
3061,500
3062,500
3063,500
3064,500
3065,500
3066,500
3067,500
3068,500
3069,500
3070,500
3071,500
3072,500
3073,500
3074,500
3075,500
3076,500
3077,500
3078,500
3079,500
3080,500
3081,500
3082,500
3083,500
3084,500
3085,500
3086,500
3087,500
3088,500
3089,500
3090,500
3091,500
3092,500
3093,500
3094,500
3095,500
3096,500
3097,500
3098,500
3099,500
3100,500
3101,500
3102,500
3103,500
3104,500
3105,500
3106,500
3107,500
3108,500
3109,500
3110,500
3111,500
3112,500
3113,500
3114,500
3115,500
3116,500
3117,500
3118,500
3119,500
3120,500
3121,500
3122,500
3123,500
3124,500
3125,500
3126,500
3127,500
3128,500
3129,500
3130,500
3131,500
3132,500
3133,500
3134,500
3135,500
3136,500
3137,500
3138,500
3139,500
3140,500
3141,500
3142,500
3143,500
3144,500
3145,500
3146,500
3147,500
3148,500
3149,500
3150,500
3151,500
3152,500
3153,500
3154,500
3155,500
3156,500
3157,500
3158,500
3159,500
3160,500
3161,500
3162,500
3163,500
3164,500
3165,500
3166,500
3167,500
3168,500
3169,500
3170,500
3171,500
3172,500
3173,500
3174,500
3175,500
3176,500
3177,500
3178,500
3179,500
3180,500
3181,500
3182,500
3183,500
3184,500
3185,500
3186,500
3187,500
3188,500
3189,500
3190,500
3191,500
3192,500
3193,500
3194,500
3195,500
3196,500
3197,500
3198,500
3199,500
3200,500
3201,500
3202,500
3203,500
3204,500
3205,500
3206,500
3207,500
3208,500
3209,500
3210,500
3211,500
3212,500
3213,500
3214,500
3215,500
3216,500
3217,500
3218,500
3219,500
3220,500
3221,500
3222,500
3223,500
3224,500
3225,500
3226,500
3227,500
3228,500
3229,500
3230,500
3231,500
3232,500
3233,500
3234,500
3235,500
3236,500
3237,500
3238,500
3239,500
3240,500
3241,500
3242,500
3243,500
3244,500
3245,500
3246,500
3247,500
3248,500
3249,500
3250,500
3251,500
3252,500
3253,500
3254,500
3255,500
3256,500
3257,500
3258,500
3259,500
3260,500
3261,500
3262,500
3263,500
3264,500
3265,500
3266,500
3267,500
3268,500
3269,500
3270,500
3271,500
3272,500
3273,500
3274,500
3275,500
3276,500
3277,500
3278,500
3279,500
3280,500
3281,500
3282,500
3283,500
3284,500
3285,500
3286,500
3287,500
3288,500
3289,500
3290,500
3291,500
3292,500
3293,500
3294,500
3295,500
3296,500
3297,500
3298,500
3299,500
3300,500
3301,500
3302,500
3303,500
3304,500
3305,500
3306,500
3307,500
3308,500
3309,500
3310,500
3311,500
3312,500
3313,500
3314,500
3315,500
3316,500
3317,500
3318,500
3319,500
3320,500
3321,500
3322,500
3323,500
3324,500
3325,500
3326,500
3327,500
3328,500
3329,500
3330,500
3331,500
3332,500
3333,500
3334,500
3335,500
3336,500
3337,500
3338,500
3339,500
3340,500
3341,500
3342,500
3343,500
3344,500
3345,500
3346,500
3347,500
3348,500
3349,500
3350,500
3351,500
3352,500
3353,500
3354,500
3355,500
3356,500
3357,500
3358,500
3359,500
3360,500
3361,500
3362,500
3363,500
3364,500
3365,500
3366,500
3367,500
3368,500
3369,500
3370,500
3371,500
3372,500
3373,500
3374,500
3375,500
3376,500
3377,500
3378,500
3379,500
3380,500
3381,500
3382,500
3383,500
3384,500
3385,500
3386,500
3387,500
3388,500
3389,500
3390,500
3391,500
3392,500
3393,500
3394,500
3395,500
3396,500
3397,500
3398,500
3399,500
3400,500
3401,500
3402,500
3403,500
3404,500
3405,500
3406,500
3407,500
3408,500
3409,500
3410,500
3411,500
3412,500
3413,500
3414,500
3415,500
3416,500
3417,500
3418,500
3419,500
3420,500
3421,500
3422,500
3423,500
3424,500
3425,500
3426,500
3427,500
3428,500
3429,500
3430,500
3431,500
3432,500
3433,500
3434,500
3435,500
3436,500
3437,500
3438,500
3439,500
3440,500
3441,500
3442,500
3443,500
3444,500
3445,500
3446,500
3447,500
3448,500
3449,500
3450,500
3451,500
3452,500
3453,500
3454,500
3455,500
3456,500
3457,500
3458,500
3459,500
3460,500
3461,500
3462,500
3463,500
3464,500
3465,500
3466,500
3467,500
3468,500
3469,500
3470,500
3471,500
3472,500
3473,500
3474,500
3475,500
3476,500
3477,500
3478,500
3479,500
3480,500
3481,500
3482,500
3483,500
3484,500
3485,500
3486,500
3487,500
3488,500
3489,500
3490,500
3491,500
3492,500
3493,500
3494,500
3495,500
3496,500
3497,500
3498,500
3499,500
3500,500
3501,500
3502,500
3503,500
3504,500
3505,500
3506,500
3507,500
3508,500
3509,500
3510,500
3511,500
3512,500
3513,500
3514,500
3515,500
3516,500
3517,500
3518,500
3519,500
3520,500
3521,500
3522,500
3523,500
3524,500
3525,500
3526,500
3527,500
3528,500
3529,500
3530,500
3531,500
3532,500
3533,500
3534,500
3535,500
3536,500
3537,500
3538,500
3539,500
3540,500
3541,500
3542,500
3543,500
3544,500
3545,500
3546,500
3547,500
3548,500
3549,500
3550,500
3551,500
3552,500
3553,500
3554,500
3555,500
3556,500
3557,500
3558,500
3559,500
3560,500
3561,500
3562,500
3563,500
3564,500
3565,500
3566,500
3567,500
3568,500
3569,500
3570,500
3571,500
3572,500
3573,500
3574,500
3575,500
3576,500
3577,500
3578,500
3579,500
3580,500
3581,500
3582,500
3583,500
3584,500
3585,500
3586,500
3587,500
3588,500
3589,500
3590,500
3591,500
3592,500
3593,500
3594,500
3595,500
3596,500
3597,500
3598,500
3599,500
3600,500
3601,500
3602,500
3603,500
3604,500
3605,500
3606,500
3607,500
3608,500
3609,500
3610,500
3611,500
3612,500
3613,500
3614,500
3615,500
3616,500
3617,500
3618,500
3619,500
3620,500
3621,500
3622,500
3623,500
3624,500
3625,500
3626,500
3627,500
3628,500
3629,500
3630,500
3631,500
3632,500
3633,500
3634,500
3635,500
3636,500
3637,500
3638,500
3639,500
3640,500
3641,500
3642,500
3643,500
3644,500
3645,500
3646,500
3647,500
3648,500
3649,500
3650,500
3651,500
3652,500
3653,500
3654,500
3655,500
3656,500
3657,500
3658,500
3659,500
3660,500
3661,500
3662,500
3663,500
3664,500
3665,500
3666,500
3667,500
3668,500
3669,500
3670,500
3671,500
3672,500
3673,500
3674,500
3675,500
3676,500
3677,500
3678,500
3679,500
3680,500
3681,500
3682,500
3683,500
3684,500
3685,500
3686,500
3687,500
3688,500
3689,500
3690,500
3691,500
3692,500
3693,500
3694,500
3695,500
3696,500
3697,500
3698,500
3699,500
3700,500
